id,full_name,email,username,password,date_of_birth,status
1,Samaria Peto,speto0@slashdot.org,speto0,"lE0+5l""\*B",1963-08-05,payment pending
2,Maybelle Fitch,mfitch1@comcast.net,mfitch1,gS5!U2RQ,1935-09-05,active
3,Dionisio Cramond,dcramond2@admin.ch,dcramond2,hN6#'wHNoam<,1979-12-16,active
4,Pammie Gaskell,pgaskell3@sakura.ne.jp,pgaskell3,qT4$!B1`T},1956-12-15,deactivated
5,Ivett Sinkin,isinkin4@parallels.com,isinkin4,sU9)#ba{,1954-02-10,active
6,Carly Mignot,cmignot5@vinaora.com,cmignot5,cC6?F_ga&'!fZF(,1947-02-06,active
7,Mead Kibel,mkibel6@columbia.edu,mkibel6,"aN1?.`Zh""#+kO`",1974-10-16,deactivated
8,Arabel Arkow,aarkow7@icq.com,aarkow7,"nR9'9i,%%9=9(A8=",1966-07-10,payment pending
9,Reggis Dark,rdark8@jalbum.net,rdark8,dE3%VTye9.,1993-11-12,deactivated
10,Rube O'Luney,roluney9@shinystat.com,roluney9,xE9=d}Lc/8yh$evN,1951-09-08,deactivated
11,Trina Sloyan,tsloyana@nps.gov,tsloyana,iN5|_/FFX\`gI,1956-08-08,deactivated
12,Hilliary Powlett,hpowlettb@usgs.gov,hpowlettb,bR1!(51+s1_,1945-10-29,payment pending
14,Jessa Candish,jcandishd@issuu.com,jcandishd,eH9%?(ABzmz,1956-10-31,deactivated
15,Maribelle Myring,mmyringe@flavors.me,mmyringe,xF2\Du@_h_J<y,1955-02-13,deactivated
16,Rahel McWhirter,rmcwhirterf@wikimedia.org,rmcwhirterf,xV0'E3Lr(SR@/,1955-03-10,payment pending
17,Odie Teideman,oteidemang@msu.edu,oteidemang,hM2*Ai_6,2002-11-01,payment pending
18,Thorin Barney,tbarneyh@twitter.com,tbarneyh,"oY7""\DgH",1999-11-02,deactivated
19,Zilvia Buttle,zbuttlei@gnu.org,zbuttlei,hF3#+vOmXf%gYN+W,1968-12-29,payment pending
20,Linzy Cosford,lcosfordj@ibm.com,lcosfordj,hA8!gecS_/`,1975-12-19,payment pending
21,Kristen Cattell,kcattellk@slideshare.net,kcattellk,"iQ5,`y}w%(",1944-11-18,payment pending
22,Gerick MacGlory,gmacgloryl@shutterfly.com,gmacgloryl,gO5<3tXvn`7?zl,1974-12-13,payment pending
23,Alec Medler,amedlerm@reuters.com,amedlerm,mO3{*ooR$8yLWg,1936-05-20,payment pending
24,Lance Cruddace,lcruddacen@fastcompany.com,lcruddacen,vU0%13%cFQ#,1981-01-10,payment pending
25,Heddi Wimpress,hwimpresso@qq.com,hwimpresso,rT9{6veu&i1b,1987-11-23,payment pending
26,Engelbert Tolefree,etolefreep@accuweather.com,etolefreep,rX5{pv|bQ,1945-08-15,active
27,Demeter Josilevich,djosilevichq@fotki.com,djosilevichq,gB5/vSlAE,1975-10-06,payment pending
28,Cosme Callington,ccallingtonr@prnewswire.com,ccallingtonr,mJ1{EPf<j>sfL,1973-08-25,active
29,Roley Ewols,rewolss@technorati.com,rewolss,mI6$6NoTDA~|0}ft,2004-01-08,active
30,Chiquia Lovering,cloveringt@cnbc.com,cloveringt,"yU7/6mmyOF,",1991-01-23,payment pending
31,Dierdre Jumont,djumontu@cbslocal.com,djumontu,yR2'dB`bHS)*z,1976-04-17,deactivated
32,Konrad Degue,kdeguev@amazonaws.com,kdeguev,yM3#B6coh6~A*!S,1962-01-06,payment pending
33,Sheilakathryn Filipov,sfilipovw@earthlink.net,sfilipovw,"tT3+V""p@oItJ)n%",1965-08-13,deactivated
34,Tadio Highnam,thighnamx@answers.com,thighnamx,"rW1@1<""+",1962-04-26,payment pending
35,Zerk Suddick,zsuddicky@wufoo.com,zsuddicky,qN0?rJakN,1955-06-03,deactivated
36,Berke Gosnay,bgosnayz@amazon.com,bgosnayz,tH5_\zns<8u?,1948-02-23,deactivated
37,Rutger Nenci,rnenci10@cargocollective.com,rnenci10,mW3.Q*/W8S\r,1946-06-16,active
38,Aubry Billham,abillham11@google.com.hk,abillham11,eT0#SKL<B*+SzDLa,1943-09-16,payment pending
39,Reggie Cawsby,rcawsby12@weather.com,rcawsby12,uJ1{l0FMw.x\zwO,2001-05-10,deactivated
40,Benjy Kirkam,bkirkam13@livejournal.com,bkirkam13,tT8=1m?w8<P?I,1965-08-03,active
41,Catlaina Vidineev,cvidineev14@comcast.net,cvidineev14,sJ4(_uw`uISk6R5k,1954-02-04,deactivated
42,Archie Huggett,ahuggett15@patch.com,ahuggett15,"fP9""\TodM",1944-04-26,active
43,Jacquenetta Phair,jphair16@hc360.com,jphair16,dK1.>%nW4I,1936-04-20,active
44,Jolee Reynold,jreynold17@furl.net,jreynold17,zN8?/.Zf>}x<_c,1981-10-01,active
45,Xaviera Hubbins,xhubbins18@photobucket.com,xhubbins18,tS1<Bu5VNUxv?X,1968-05-31,payment pending
46,Augie Souttar,asouttar19@reference.com,asouttar19,oA9($ZnvQzV,1943-03-02,deactivated
47,Dimitry Stegell,dstegell1a@google.de,dstegell1a,qE2%2\wJ.xK,1949-07-22,active
48,Adolph Cambling,acambling1b@twitpic.com,acambling1b,zJ9>NQ77KgogZ0),1972-05-21,active
49,Juieta Gallagher,jgallagher1c@dedecms.com,jgallagher1c,aB2|=MK3afXUdExo,1989-02-18,payment pending
50,Sunshine Dimitrie,sdimitrie1d@ucoz.com,sdimitrie1d,tX1%@YaAK,1994-06-18,payment pending
51,Noble Alcide,nalcide0@oakley.com,nalcide0,"xF7|TWw,D",1954-06-04,payment pending
52,Louisette Coaten,lcoaten0@census.gov,lcoaten0,"kW8,{wCep7|",1986-06-08,active
13,Sheree Ruddiman,sruddimanc@bing.com,sruddimanc,mK2+)aWf@)&/,1988-07-28,deactivated
53,Jerry Only,j.only.13@hotmail.com,jerryonly13,mizfitz_rule!138,1959-04-29,active
